{"avg_losses": [11.888714790344238, 9.71858615875244, 8.998747825622559, 8.300364971160889, 6.782119941711426, 5.97694673538208, 5.064250898361206, 4.339148426055909, 4.0099671363830565, 3.8310505390167235, 3.6571627616882325, 3.20631947517395, 2.908163547515869, 2.827513265609741, 2.3555739164352416, 2.277248573303223, 2.1062798261642457, 1.8210777521133423, 1.6541173934936524, 1.4588515520095826, 1.3115606307983398, 1.1835269331932068, 1.0519481420516967, 0.9635384917259217, 0.8819945812225342, 0.852677845954895, 0.8865548253059388, 0.8593525528907776, 0.8184949874877929, 0.8404467344284058, 0.8074341654777527, 0.8062155365943908, 0.7844553232192993, 0.8169367551803589, 0.7893686175346375, 0.7929741382598877, 0.7978171825408935, 0.8193048357963562, 0.7938210844993592, 0.7941819310188294, 0.7714440703392029, 0.7917965531349183, 0.8250969648361206, 0.7920057535171509, 0.7613299250602722, 0.7586158514022827, 0.7681937336921691, 0.7546056985855103, 0.7823077201843261, 0.7419188499450684, 0.7407591581344605, 0.7417920708656311, 0.7626827597618103, 0.7551397442817688, 0.722687840461731, 0.7854012012481689, 0.7617628335952759, 0.7497044444084168, 0.7320787906646729, 0.7683233261108399, 0.7338164806365967, 0.7205572247505188, 0.7064427256584167, 0.7430026531219482, 0.7262548685073853, 0.7200346469879151, 0.7241131782531738, 0.70672208070755, 0.7132817268371582, 0.7332020163536072, 0.6973598837852478, 0.7053644895553589, 0.7205132246017456, 0.7176218867301941, 0.7188700199127197, 0.7292539358139039, 0.6951376795768738, 0.7093454599380493, 0.7021728754043579, 0.7066282033920288, 0.6896792054176331, 0.7346942186355591, 0.7124152302742004, 0.7016019821166992, 0.7075051665306091, 0.7325786471366882, 0.6973436117172241, 0.6969550371170044, 0.6932067394256591, 0.679078483581543, 0.6879135608673096, 0.675118350982666, 0.6991918325424195, 0.7218510627746582, 0.6812310457229614, 0.7200430274009705, 0.6850540041923523, 0.6819816827774048, 0.6901588916778565, 0.6919004559516907], "version": "v1", "num_epochs": 100, "accuracy": 0.75}