{"avg_losses": [42.38253936767578, 30.03602180480957, 19.34664535522461, 8.721446704864501, 4.9949469566345215, 4.568731880187988, 3.44255108833313, 1.9563352823257447, 1.765431785583496, 1.1204464197158814, 1.1273557901382447, 1.1938106536865234, 1.1436518907546998, 1.0276218414306642, 1.0054459810256957, 0.9980217337608337, 0.9934111356735229, 0.9463273525238037, 0.9523238778114319, 0.9511767506599427, 0.9249076128005982, 0.9143864512443542, 0.8971561908721923, 0.8843605399131775, 0.8868455290794373, 0.869531786441803, 0.8735867261886596, 0.8602942228317261, 0.8317180752754212, 0.8292660355567932, 0.8118632435798645, 0.8196994423866272, 0.8320449352264404, 0.8184021592140198, 0.8170645236968994, 0.8272266149520874, 0.8083122849464417, 0.8025369763374328, 0.8052562594413757, 0.790384566783905, 0.8036003947257996, 0.7884459733963013, 0.7717905759811401, 0.7879090428352356, 0.7730737686157226, 0.7793764114379883, 0.7660275459289551, 0.7508065223693847, 0.7612561225891114, 0.7488941311836242, 0.7650528430938721, 0.7329879999160767, 0.7436899900436401, 0.7462720990180969, 0.7490029454231262, 0.7472862839698792, 0.7265796661376953, 0.7197960615158081, 0.7243848204612732, 0.7339802861213685, 0.7329523801803589, 0.7236300349235535, 0.7159891963005066, 0.7120411992073059, 0.725212824344635, 0.7241539478302002, 0.7079368472099304, 0.6769771873950958, 0.7021303057670594, 0.6977455735206604, 0.6859974980354309, 0.6998507022857666, 0.6978626132011414, 0.6856146335601807, 0.7008739590644837, 0.6865539431571961, 0.6720454216003418, 0.6981181859970093, 0.6867253184318542, 0.68700190782547, 0.6737231492996216, 0.7156870603561402, 0.6746747136116028, 0.6878528237342835, 0.6865263104438781, 0.6799706220626831, 0.6343067169189454, 0.6466288328170776, 0.6441189527511597, 0.6760726928710937, 0.630822479724884, 0.6588387012481689, 0.6733084917068481, 0.6532720446586608, 0.6501807570457458, 0.6454805493354797, 0.630114483833313, 0.6447280883789063, 0.6485102415084839, 0.6406100630760193], "version": "v2", "num_epochs": 100, "accuracy": 0.9166666666666666}